"采样时间","实时压力 P1","瞬时流量 M1","瞬时流量 M2","温度 T_R","压力 P2_R"
"2026-06-26 11:18:00",0.012167,24.733921,2.500000,23.992576,0.009734
"2026-06-26 11:18:01",0.027494,24.521070,2.500000,24.024471,0.021995
"2026-06-26 11:18:02",0.040633,24.236515,2.500000,23.997612,0.032507
"2026-06-26 11:18:03",0.051893,24.111970,2.500000,23.997483,0.041514
"2026-06-26 11:18:04",0.071190,23.925365,2.500000,23.980933,0.056952
"2026-06-26 11:18:05",0.087314,23.808422,2.500000,24.016767,0.069851
"2026-06-26 11:18:06",0.112276,23.548504,2.500000,24.017678,0.089820
"2026-06-26 11:18:07",0.141554,23.338265,2.500000,24.021829,0.113244
"2026-06-26 11:18:08",0.155188,23.173491,2.500000,24.064481,0.124150
"2026-06-26 11:18:09",0.168281,23.031261,2.500000,24.098107,0.134625
"2026-06-26 11:18:10",0.183803,22.802054,2.500000,24.110562,0.147043
"2026-06-26 11:18:11",0.198776,22.522978,2.500000,24.139449,0.159021
"2026-06-26 11:18:12",0.216466,22.343830,2.500000,24.145584,0.173172
"2026-06-26 11:18:13",0.232277,22.232747,2.500000,24.115442,0.185822
"2026-06-26 11:18:14",0.261825,21.967794,2.500000,24.078415,0.209460
"2026-06-26 11:18:15",0.286459,21.698897,2.500000,24.086205,0.229167
"2026-06-26 11:18:16",0.315979,21.507708,2.500000,24.066559,0.252783
"2026-06-26 11:18:17",0.332281,21.282571,2.500000,24.038845,0.265825
"2026-06-26 11:18:18",0.355196,21.050141,2.500000,24.031054,0.284157
"2026-06-26 11:18:19",0.376339,20.919246,2.500000,23.996240,0.301071
"2026-06-26 11:18:20",0.395863,20.749725,2.500000,23.964949,0.316691
"2026-06-26 11:18:21",0.425557,20.553245,2.500000,23.964359,0.340445
"2026-06-26 11:18:22",0.439754,20.368180,2.500000,24.011128,0.351803
"2026-06-26 11:18:23",0.450331,20.141367,2.500000,23.991966,0.360265
"2026-06-26 11:18:24",0.473160,19.950546,2.500000,23.991860,0.378528
"2026-06-26 11:18:25",0.488869,19.705325,2.500000,23.995196,0.391095
"2026-06-26 11:18:26",0.518483,19.586966,2.500000,23.973413,0.414786
"2026-06-26 11:18:27",0.545446,19.483200,2.500000,23.965317,0.436357
"2026-06-26 11:18:28",0.558266,19.331918,2.500000,23.920594,0.446613
"2026-06-26 11:18:29",0.568412,19.142124,2.500000,23.963714,0.454730
"2026-06-26 11:18:30",0.578943,19.014844,2.500000,23.973918,0.463155
"2026-06-26 11:18:31",0.590669,18.863288,2.500000,24.008865,0.472535
"2026-06-26 11:18:32",0.602014,18.568867,2.500000,24.052551,0.481611
"2026-06-26 11:18:33",0.630082,18.396953,2.500000,24.025377,0.504065
"2026-06-26 11:18:34",0.654235,18.181778,2.500000,24.051155,0.523388
"2026-06-26 11:18:35",0.665781,17.949268,2.500000,24.099293,0.532625
"2026-06-26 11:18:36",0.688428,17.841545,2.500000,24.096555,0.550743
"2026-06-26 11:18:37",0.699837,17.550042,2.500000,24.058797,0.559870
"2026-06-26 11:18:38",0.712452,17.394076,2.500000,24.083143,0.569962
"2026-06-26 11:18:39",0.733490,17.196590,2.500000,24.082754,0.586792
"2026-06-26 11:18:40",0.749250,16.990082,2.500000,24.059690,0.599400
"2026-06-26 11:18:41",0.763627,16.843153,2.500000,24.108718,0.610902
"2026-06-26 11:18:42",0.784488,16.689025,2.500000,24.079228,0.627590
"2026-06-26 11:18:43",0.801968,16.492069,2.500000,24.065680,0.641574
"2026-06-26 11:18:44",0.814279,16.199223,2.500000,24.067164,0.651423
"2026-06-26 11:18:45",0.828662,16.003973,2.500000,24.063641,0.662930
"2026-06-26 11:18:46",0.839253,15.804546,2.500000,24.105759,0.671402
"2026-06-26 11:18:47",0.866223,15.683739,2.500000,24.138010,0.692978
"2026-06-26 11:18:48",0.889697,15.566373,2.500000,24.145822,0.711758
"2026-06-26 11:18:49",0.918927,15.360032,2.500000,24.155466,0.735141
"2026-06-26 11:18:50",0.929144,15.120247,2.500000,24.171368,0.743315
"2026-06-26 11:18:51",0.939487,14.962248,2.500000,24.130868,0.751590
"2026-06-26 11:18:52",0.955026,14.749044,2.500000,24.124580,0.764021
"2026-06-26 11:18:53",0.970023,14.609204,2.500000,24.099848,0.776018
"2026-06-26 11:18:54",0.991412,14.336211,2.500000,24.087970,0.793129
"2026-06-26 11:18:55",1.004155,14.124074,2.500000,24.042549,0.803324
"2026-06-26 11:18:56",1.025111,13.866250,2.500000,24.077560,0.820089
"2026-06-26 11:18:57",1.036754,13.661001,2.500000,24.122488,0.829403
"2026-06-26 11:18:58",1.050356,13.418511,2.500000,24.101262,0.840285
"2026-06-26 11:18:59",1.073901,13.139068,2.500000,24.105886,0.859121
"2026-06-26 11:19:00",1.083493,13.076128,2.500000,24.066623,0.920969
"2026-06-26 11:19:01",1.082551,12.999668,2.500000,24.053002,0.920168
"2026-06-26 11:19:02",1.086148,12.907736,2.500000,24.039068,0.923226
"2026-06-26 11:19:03",1.086000,12.774688,2.500000,24.044948,0.923100
"2026-06-26 11:19:04",1.084409,12.645100,2.500000,24.041684,0.921747
"2026-06-26 11:19:05",1.090942,12.546018,2.500000,24.047411,0.927301
"2026-06-26 11:19:06",1.099493,12.463112,2.500000,24.074168,0.934569
"2026-06-26 11:19:07",1.102469,12.413037,2.500000,24.030071,0.937099
"2026-06-26 11:19:08",1.103758,12.297546,2.500000,24.006989,0.938194
"2026-06-26 11:19:09",1.110737,12.242954,2.500000,24.029244,0.944126
"2026-06-26 11:19:10",1.107095,12.131244,2.500000,24.037724,0.941030
"2026-06-26 11:19:11",1.109622,12.063725,2.500000,24.075703,0.943179
"2026-06-26 11:19:12",1.105963,11.962286,2.500000,24.123931,0.940069
"2026-06-26 11:19:13",1.106117,11.834618,2.500000,24.173247,0.940199
"2026-06-26 11:19:14",1.113165,11.695233,2.500000,24.150874,0.946190
"2026-06-26 11:19:15",1.121862,11.643261,2.500000,24.120414,0.953583
"2026-06-26 11:19:16",1.124010,11.527866,2.500000,24.155970,0.955409
"2026-06-26 11:19:17",1.133393,11.442316,2.500000,24.182541,0.963384
"2026-06-26 11:19:18",1.129114,11.314308,2.500000,24.230961,0.959747
"2026-06-26 11:19:19",1.126232,11.204778,2.500000,24.241496,0.957297
"2026-06-26 11:19:20",1.129795,11.068597,2.500000,24.221210,0.960326
"2026-06-26 11:19:21",1.138919,10.944814,2.500000,24.269513,0.968081
"2026-06-26 11:19:22",1.140798,10.867524,2.500000,24.310262,0.969679
"2026-06-26 11:19:23",1.137794,10.777095,2.500000,24.335638,0.967125
"2026-06-26 11:19:24",1.147088,10.661712,2.500000,24.359998,0.975025
"2026-06-26 11:19:25",1.149027,10.572528,2.500000,24.381660,0.976673
"2026-06-26 11:19:26",1.146078,10.424879,2.500000,24.340921,0.974167
"2026-06-26 11:19:27",1.150497,10.281385,2.500000,24.378888,0.977923
"2026-06-26 11:19:28",1.158642,10.138052,2.500000,24.418307,0.984846
"2026-06-26 11:19:29",1.158464,10.027588,2.500000,24.463115,0.984694
"2026-06-26 11:19:30",1.163382,9.953791,2.500000,24.463825,0.988875
"2026-06-26 11:19:31",1.162530,9.853954,2.500000,24.459248,0.988151
"2026-06-26 11:19:32",1.159572,9.706510,2.500000,24.434763,0.985636
"2026-06-26 11:19:33",1.165808,9.591745,2.500000,24.429419,0.990937
"2026-06-26 11:19:34",1.161315,9.529910,2.500000,24.444537,0.987117
"2026-06-26 11:19:35",1.161136,9.468513,2.500000,24.411207,0.986966
"2026-06-26 11:19:36",1.162565,9.363769,2.500000,24.419305,0.988180
"2026-06-26 11:19:37",1.158631,9.269188,2.500000,24.382373,0.984837
"2026-06-26 11:19:38",1.158912,9.183483,2.500000,24.341246,0.985075
"2026-06-26 11:19:39",1.155679,9.045131,2.500000,24.343793,0.982327
"2026-06-26 11:19:40",1.153479,8.951481,2.500000,24.343263,0.980457
"2026-06-26 11:19:41",1.148556,8.814747,2.500000,24.305747,0.976273
"2026-06-26 11:19:42",1.153875,8.749028,2.500000,24.284860,0.980794
"2026-06-26 11:19:43",1.153778,8.666238,2.500000,24.285293,0.980711
"2026-06-26 11:19:44",1.162883,8.553627,2.500000,24.249249,0.988450
"2026-06-26 11:19:45",1.165229,8.482384,2.500000,24.259065,0.990445
"2026-06-26 11:19:46",1.164379,8.390496,2.500000,24.275080,0.989722
"2026-06-26 11:19:47",1.168812,8.247383,2.500000,24.242679,0.993490
"2026-06-26 11:19:48",1.167628,8.182641,2.500000,24.277674,0.992484
"2026-06-26 11:19:49",1.172850,8.054299,2.500000,24.254878,0.996923
"2026-06-26 11:19:50",1.181347,7.933796,2.500000,24.302626,1.004145
"2026-06-26 11:19:51",1.183489,7.863985,2.500000,24.314377,1.005965
"2026-06-26 11:19:52",1.181322,7.785554,2.500000,24.282350,1.004124
"2026-06-26 11:19:53",1.178139,7.691032,2.500000,24.309154,1.001418
"2026-06-26 11:19:54",1.176888,7.640867,2.500000,24.295086,1.000354
"2026-06-26 11:19:55",1.175521,7.516412,2.500000,24.310860,0.999193
"2026-06-26 11:19:56",1.174777,7.465346,2.500000,24.284980,0.998560
"2026-06-26 11:19:57",1.183230,7.323431,2.500000,24.279942,1.005745
"2026-06-26 11:19:58",1.181751,7.182094,2.500000,24.230746,1.004489
"2026-06-26 11:19:59",1.182976,7.118409,2.500000,24.272472,1.005530
"2026-06-26 11:20:00",1.185871,6.980080,2.500000,24.279578,1.007991
"2026-06-26 11:20:01",1.188360,6.927866,2.500000,24.285903,1.010106
"2026-06-26 11:20:02",1.196187,6.850371,2.500000,24.313291,1.016759
"2026-06-26 11:20:03",1.191555,6.742517,2.500000,24.283170,1.012821
"2026-06-26 11:20:04",1.192180,6.655140,2.500000,24.246887,1.013353
"2026-06-26 11:20:05",1.196810,6.530532,2.500000,24.221909,1.017289
"2026-06-26 11:20:06",1.199006,6.448102,2.500000,24.215241,1.019155
"2026-06-26 11:20:07",1.196573,6.367329,2.500000,24.208896,1.017087
"2026-06-26 11:20:08",1.191946,6.243417,2.500000,24.195218,1.013155
"2026-06-26 11:20:09",1.197514,6.182112,2.500000,24.148603,1.017887
"2026-06-26 11:20:10",1.201063,6.038444,2.500000,24.190927,1.020904
"2026-06-26 11:20:11",1.208915,5.916355,2.500000,24.204674,1.027578
"2026-06-26 11:20:12",1.212538,5.789136,2.500000,24.242450,1.030657
"2026-06-26 11:20:13",1.216943,5.719694,2.500000,24.214750,1.034401
"2026-06-26 11:20:14",1.216142,5.649001,2.500000,24.249689,1.033721
"2026-06-26 11:20:15",1.221099,5.579680,2.500000,24.269649,1.037934
"2026-06-26 11:20:16",1.220918,5.525207,2.500000,24.316102,1.037781
"2026-06-26 11:20:17",1.229463,5.416468,2.500000,24.267174,1.045044
"2026-06-26 11:20:18",1.237179,5.272869,2.500000,24.283624,1.051602
"2026-06-26 11:20:19",1.243584,5.179916,2.500000,24.242236,1.057047
"2026-06-26 11:20:20",1.239479,5.106985,2.500000,24.279195,1.053557
"2026-06-26 11:20:21",1.242798,4.988393,2.500000,24.268103,1.056379
"2026-06-26 11:20:22",1.241985,4.894197,2.500000,24.316892,1.055687
"2026-06-26 11:20:23",1.244499,4.797886,2.500000,24.365482,1.057824
"2026-06-26 11:20:24",1.250129,4.696155,2.500000,24.391294,1.062610
"2026-06-26 11:20:25",1.246409,4.643828,2.500000,24.355571,1.059448
"2026-06-26 11:20:26",1.256117,4.506974,2.500000,24.402143,1.067699
"2026-06-26 11:20:27",1.264645,4.368864,2.500000,24.445589,1.074948
"2026-06-26 11:20:28",1.260290,4.270568,2.500000,24.405562,1.071246
"2026-06-26 11:20:29",1.256891,4.130796,2.500000,24.402017,1.068357
"2026-06-26 11:20:30",1.263664,4.016115,2.500000,24.396150,1.074115
"2026-06-26 11:20:31",1.273540,3.940292,2.500000,24.384274,1.082509
"2026-06-26 11:20:32",1.280028,3.821372,2.500000,24.407235,1.088024
"2026-06-26 11:20:33",1.289752,3.742520,2.500000,24.449129,1.096289
"2026-06-26 11:20:34",1.297868,3.689163,2.500000,24.451263,1.103188
"2026-06-26 11:20:35",1.295862,3.541618,2.500000,24.419583,1.101483
"2026-06-26 11:20:36",1.291120,3.413572,2.500000,24.463446,1.097452
"2026-06-26 11:20:37",1.290852,3.271044,2.500000,24.475162,1.097225
"2026-06-26 11:20:38",1.296160,3.129659,2.500000,24.476551,1.101736
"2026-06-26 11:20:39",1.300859,2.994952,2.500000,24.470166,1.105730
"2026-06-26 11:20:40",1.304407,2.871600,2.500000,24.430217,1.108746
"2026-06-26 11:20:41",1.312705,2.777950,2.500000,24.389606,1.115799
"2026-06-26 11:20:42",1.314847,2.642422,2.500000,24.388650,1.117620
"2026-06-26 11:20:43",1.310350,2.515625,2.500000,24.406674,1.113797
"2026-06-26 11:20:44",1.316379,2.420879,2.500000,24.430193,1.118922
"2026-06-26 11:20:45",1.318844,2.344436,2.500000,24.431184,1.121017
"2026-06-26 11:20:46",1.326026,2.217843,2.500000,24.393268,1.127122
"2026-06-26 11:20:47",1.321189,2.138522,2.500000,24.343472,1.123011
"2026-06-26 11:20:48",1.322996,2.067101,2.500000,24.343240,1.124546
"2026-06-26 11:20:49",1.320060,2.001156,2.500000,24.363007,1.122051
"2026-06-26 11:20:50",1.317000,1.946560,2.500000,24.346706,1.119450
"2026-06-26 11:20:51",1.314282,1.827787,2.500000,24.317715,1.117139
"2026-06-26 11:20:52",1.311623,1.734291,2.500000,24.366518,1.114880
"2026-06-26 11:20:53",1.321555,1.604251,2.500000,24.358997,1.123322
"2026-06-26 11:20:54",1.318532,1.458653,2.500000,24.369130,1.120752
"2026-06-26 11:20:55",1.324152,1.400588,2.500000,24.383641,1.125529
"2026-06-26 11:20:56",1.327072,1.280616,2.500000,24.384031,1.128011
"2026-06-26 11:20:57",1.327392,1.194000,2.500000,24.426980,1.128283
"2026-06-26 11:20:58",1.325700,1.092384,2.500000,24.394492,1.126845
"2026-06-26 11:20:59",1.324408,1.042253,2.500000,24.415910,1.125747
"2026-06-26 11:21:00",1.327883,1.020925,2.500000,24.389038,1.195095
"2026-06-26 11:21:01",1.328728,0.921599,2.500000,24.387107,1.195855
"2026-06-26 11:21:02",1.326445,0.842082,2.500000,24.420850,1.193801
"2026-06-26 11:21:03",1.329406,0.778608,2.500000,24.419853,1.196465
"2026-06-26 11:21:04",1.327590,0.756939,2.500000,24.407465,1.194831
"2026-06-26 11:21:05",1.321790,0.712176,2.500000,24.383235,1.189611
"2026-06-26 11:21:06",1.319914,0.642493,2.500000,24.410543,1.187923
"2026-06-26 11:21:07",1.320921,0.609685,2.500000,24.457401,1.188829
"2026-06-26 11:21:08",1.325535,0.540671,2.500000,24.483167,1.192981
"2026-06-26 11:21:09",1.320178,0.503946,2.500000,24.451643,1.188160
"2026-06-26 11:21:10",1.320138,0.479645,2.500000,24.418363,1.188124
"2026-06-26 11:21:11",1.322144,0.383274,2.500000,24.428759,1.189929
"2026-06-26 11:21:12",1.320990,0.287286,2.500000,24.379737,1.188891
"2026-06-26 11:21:13",1.317697,0.229073,2.500000,24.408561,1.185927
"2026-06-26 11:21:14",1.320426,0.154089,2.500000,24.441321,1.188383
"2026-06-26 11:21:15",1.312845,0.087007,2.500000,24.485216,1.181561
"2026-06-26 11:21:16",1.308221,0.059853,2.500000,24.503301,1.177398
"2026-06-26 11:21:17",1.308248,0.032103,2.500000,24.552692,1.177424
"2026-06-26 11:21:18",1.310247,0.000000,2.500000,24.596980,1.179222
"2026-06-26 11:21:19",1.310610,0.000000,2.500000,24.592630,1.179549
"2026-06-26 11:21:20",1.311267,0.000000,2.500000,24.573199,1.180141
"2026-06-26 11:21:21",1.304880,0.000000,2.500000,24.617186,1.174392
"2026-06-26 11:21:22",1.303280,0.000000,2.500000,24.583543,1.172952
"2026-06-26 11:21:23",1.306254,0.000000,2.500000,24.597253,1.175629
"2026-06-26 11:21:24",1.310155,0.000000,2.500000,24.585527,1.179140
"2026-06-26 11:21:25",1.307790,0.000000,2.500000,24.549057,1.177011
"2026-06-26 11:21:26",1.308152,0.000000,2.500000,24.529789,1.177337
"2026-06-26 11:21:27",1.307663,0.000000,2.500000,24.487281,1.176897
"2026-06-26 11:21:28",1.303168,0.000000,2.500000,24.497475,1.172851
"2026-06-26 11:21:29",1.295928,0.000000,2.500000,24.498237,1.166336
"2026-06-26 11:21:30",1.291992,0.000000,2.500000,24.454353,1.162793
"2026-06-26 11:21:31",1.289363,0.000000,2.500000,24.414773,1.160427
"2026-06-26 11:21:32",1.294303,0.000000,2.500000,24.435822,1.164873
"2026-06-26 11:21:33",1.294533,0.000000,2.500000,24.412140,1.165080
"2026-06-26 11:21:34",1.293749,0.000000,2.500000,24.395929,1.164374
"2026-06-26 11:21:35",1.287647,0.000000,2.500000,24.366217,1.158883
"2026-06-26 11:21:36",1.282040,0.000000,2.500000,24.337876,1.153836
"2026-06-26 11:21:37",1.274562,0.000000,2.500000,24.359153,1.147106
"2026-06-26 11:21:38",1.278248,0.000000,2.500000,24.314995,1.150423
"2026-06-26 11:21:39",1.273482,0.000000,2.500000,24.326718,1.146133
"2026-06-26 11:21:40",1.273253,0.000000,2.500000,24.291408,1.145928
"2026-06-26 11:21:41",1.268558,0.000000,2.500000,24.333674,1.141702
"2026-06-26 11:21:42",1.267123,0.000000,2.500000,24.325360,1.140411
"2026-06-26 11:21:43",1.267269,0.000000,2.500000,24.296376,1.140542
"2026-06-26 11:21:44",1.267624,0.000000,2.500000,24.343388,1.140861
"2026-06-26 11:21:45",1.265772,0.000000,2.500000,24.298533,1.139195
"2026-06-26 11:21:46",1.266876,0.000000,2.500000,24.310147,1.140188
"2026-06-26 11:21:47",1.271824,0.000000,2.500000,24.355229,1.144642
"2026-06-26 11:21:48",1.272034,0.000000,2.500000,24.390328,1.144831
"2026-06-26 11:21:49",1.269943,0.000000,2.500000,24.356451,1.142949
"2026-06-26 11:21:50",1.269337,0.000000,2.500000,24.320202,1.142404
"2026-06-26 11:21:51",1.273677,0.000000,2.500000,24.347249,1.146309
"2026-06-26 11:21:52",1.267963,0.000000,2.500000,24.345673,1.141166
"2026-06-26 11:21:53",1.272070,0.000000,2.500000,24.346762,1.144863
"2026-06-26 11:21:54",1.272619,0.000000,2.500000,24.366316,1.145357
"2026-06-26 11:21:55",1.266070,0.000000,2.500000,24.397375,1.139463
"2026-06-26 11:21:56",1.266018,0.000000,2.500000,24.434068,1.139417
"2026-06-26 11:21:57",1.269218,0.000000,2.500000,24.417013,1.142296
"2026-06-26 11:21:58",1.263333,0.000000,2.500000,24.379526,1.137000
"2026-06-26 11:21:59",1.266852,0.000000,2.500000,24.412197,1.140166
"2026-06-26 11:22:00",1.267192,0.000000,2.500000,24.432824,1.140473
"2026-06-26 11:22:01",1.263003,0.000000,2.500000,24.461707,1.136703
"2026-06-26 11:22:02",1.263726,0.000000,2.500000,24.451221,1.137354
"2026-06-26 11:22:03",1.258068,0.000000,2.500000,24.445778,1.132261
"2026-06-26 11:22:04",1.258716,0.000000,2.500000,24.490288,1.132844
"2026-06-26 11:22:05",1.261070,0.000000,2.500000,24.503238,1.134963
"2026-06-26 11:22:06",1.262229,0.000000,2.500000,24.507524,1.136006
"2026-06-26 11:22:07",1.265646,0.000000,2.500000,24.508299,1.139081
"2026-06-26 11:22:08",1.263866,0.000000,2.500000,24.459124,1.137479
"2026-06-26 11:22:09",1.267280,0.000000,2.500000,24.438250,1.140552
"2026-06-26 11:22:10",1.265150,0.000000,2.500000,24.463437,1.138635
"2026-06-26 11:22:11",1.264363,0.000000,2.500000,24.443314,1.137927
"2026-06-26 11:22:12",1.258277,0.000000,2.500000,24.452915,1.132450
"2026-06-26 11:22:13",1.257710,0.000000,2.500000,24.472073,1.131939
"2026-06-26 11:22:14",1.254213,0.000000,2.500000,24.442424,1.128791
"2026-06-26 11:22:15",1.250444,0.000000,2.500000,24.408630,1.125399
"2026-06-26 11:22:16",1.246021,0.000000,2.500000,24.405218,1.121419
"2026-06-26 11:22:17",1.246017,0.000000,2.500000,24.380590,1.121415
"2026-06-26 11:22:18",1.248966,0.000000,2.500000,24.419941,1.124070
"2026-06-26 11:22:19",1.243821,0.000000,2.500000,24.443352,1.119439
"2026-06-26 11:22:20",1.243744,0.000000,2.500000,24.393498,1.119370
"2026-06-26 11:22:21",1.247640,0.000000,2.500000,24.349243,1.122876
"2026-06-26 11:22:22",1.243172,0.000000,2.500000,24.365528,1.118855
"2026-06-26 11:22:23",1.236100,0.000000,2.500000,24.338735,1.112490
"2026-06-26 11:22:24",1.231996,0.000000,2.500000,24.363191,1.108797
"2026-06-26 11:22:25",1.235091,0.000000,2.500000,24.408841,1.111582
"2026-06-26 11:22:26",1.227955,0.000000,2.500000,24.384854,1.105160
"2026-06-26 11:22:27",1.224640,0.000000,2.500000,24.364184,1.102176
"2026-06-26 11:22:28",1.228922,0.000000,2.500000,24.323830,1.106030
"2026-06-26 11:22:29",1.222710,0.000000,2.500000,24.320582,1.100439
"2026-06-26 11:22:30",1.215832,0.000000,2.500000,24.290889,1.094249
"2026-06-26 11:22:31",1.218805,0.000000,2.500000,24.259640,1.096924
"2026-06-26 11:22:32",1.213429,0.000000,2.500000,24.250499,1.092086
"2026-06-26 11:22:33",1.215213,0.000000,2.500000,24.267106,1.093691
"2026-06-26 11:22:34",1.213611,0.000000,2.500000,24.316764,1.092250
"2026-06-26 11:22:35",1.205991,0.000000,2.500000,24.320442,1.085392
"2026-06-26 11:22:36",1.201836,0.000000,2.500000,24.319900,1.081652
"2026-06-26 11:22:37",1.206329,0.000000,2.500000,24.282129,1.085696
"2026-06-26 11:22:38",1.203557,0.000000,2.500000,24.295619,1.083201
"2026-06-26 11:22:39",1.205719,0.000000,2.500000,24.281147,1.085147
"2026-06-26 11:22:40",1.209821,0.000000,2.500000,24.257723,1.088839
"2026-06-26 11:22:41",1.207418,0.000000,2.500000,24.272338,1.086677
"2026-06-26 11:22:42",1.204945,0.000000,2.500000,24.251596,1.084451
"2026-06-26 11:22:43",1.206944,0.000000,2.500000,24.273525,1.086249
"2026-06-26 11:22:44",1.209669,0.000000,2.500000,24.240001,1.088702
"2026-06-26 11:22:45",1.212852,0.000000,2.500000,24.239646,1.091567
"2026-06-26 11:22:46",1.212040,0.000000,2.500000,24.199313,1.090836
"2026-06-26 11:22:47",1.213458,0.000000,2.500000,24.188758,1.092112
"2026-06-26 11:22:48",1.206180,0.000000,2.500000,24.162864,1.085562
"2026-06-26 11:22:49",1.208135,0.000000,2.500000,24.204233,1.087322
"2026-06-26 11:22:50",1.212706,0.000000,2.500000,24.173069,1.091435
"2026-06-26 11:22:51",1.211824,0.000000,2.500000,24.150168,1.090642
"2026-06-26 11:22:52",1.215361,0.000000,2.500000,24.187827,1.093825
"2026-06-26 11:22:53",1.208360,0.000000,2.500000,24.196875,1.087524
"2026-06-26 11:22:54",1.208872,0.000000,2.500000,24.243928,1.087985
"2026-06-26 11:22:55",1.202425,0.000000,2.500000,24.259590,1.082183
"2026-06-26 11:22:56",1.194744,0.000000,2.500000,24.304354,1.075269
"2026-06-26 11:22:57",1.198551,0.000000,2.500000,24.263471,1.078696
"2026-06-26 11:22:58",1.192212,0.000000,2.500000,24.228679,1.072990
"2026-06-26 11:22:59",1.184235,0.000000,2.500000,24.213115,1.065812