序号,系统,贯穿件直径,试验阀门编号,阀门公称直径,阀门泄漏率设计最大值,预充压压力P2,试验压力P2,试验压力P1,试验仪器读数,实验日期,实验结果
1,CAM,350.5,3CAM003VA,350.5,200,0.321,0,0,0,2026/7/9 9:14, 合格 
2,AAA,0.5,DFEGERGER,10.5,100,1.321,0,0,0,2026/7/9 9:15, 不合格 
3,空,0.5,空,10.5,100,1.321,0,0,0,2026/7/9 9:15, 合格 
1,DD ,0.5,DFEGERGER,10.5,100,1.321,0,0,0,2026/7/9 9:16, 不合格 
2,MMM,100.5,空,200.2,500,10.321,0,0,0,2026/7/9 9:28, 合格 
2,MMM,100.5,空,200.2,500,10.321,0,0,0,2026/7/9 9:28, 不合格 
1,CAM,350.5,3CAM003VA,350.5,200,0.321,0,0,0,2026/7/9 9:39, 不合格 
1,CAM,350.5,3CAM003VA,350.5,200,0.321,0,0,0,2026/7/9 9:39, 不合格 
1,CAM,350.5,3CAM003VA,350.5,200,0.321,0,0,0,2026/7/9 9:39, 不合格 
